{
    "loss": 0.6839665770530701,
    "accuracy": 0.9208333492279053
}